Détails,Prix,Adresse,Image
VENTE DE TERRAINS,2 500 000 FCFA,Rufisque, media/annonces/pics/thumbs/8638ab10e728ff2b04d246d1d48990ca.jpg 
Terrain de 1000 mètres carrés à vendre à Toubab Dialaw Sénégal,20 000 000 FCFA,Thiès, media/annonces/pics/thumbs/fdb6f8215f389cb87007e60f7236a585.jpeg 
Terrain de 200 mètres carrés à vendre à Toubab Dialaw Sénégal,12 000 000 FCFA,Mbour, media/annonces/pics/thumbs/fc00c1e7b1d174374d3714a54e01e0dd.jpeg 
Terrain 192m2 Keur Massar,170 000 000 FCFA,Keur Massar, media/annonces/pics/thumbs/28ded8c87e6673f041c5e68ab0bdc84d.jpg 
terrain à vendre,180 000 000 FCFA,Ouakam, media/annonces/pics/thumbs/8264d4a3142730d4c77dca9aaa85694f.jpeg 
Terrain de 4013 m² vers Nguéniène,3 600 000 FCFA,Mbour, media/annonces/pics/thumbs/d54e15f33715f96627ea42a162b6813b.jpeg 
Terrain de 9511 m² vers Baba Garage,3 600 000 FCFA,Diourbel, media/annonces/pics/thumbs/4ab953046043a68c7841c3d301d48bf4.jpeg 
Terrain de 8579 m² vers Notto Diobass,8 900 000 FCFA,Thiès, media/annonces/pics/thumbs/b8b972f1c76bb94618d5be295899c5af.jpeg 
Terrain de 5804 m² vers Dalla Ngabou,6 000 000 FCFA,Diourbel, media/annonces/pics/thumbs/d53571cd888604da9a1accd5ddef3ecc.jpeg 
Terrain a Vendre,6 500 000 FCFA,Diamniadio, media/annonces/pics/thumbs/e57cac319a70e9b379609ed9ef6a33ea.jpg 
Terrain à vendre Ngor Almadies,100 000 000 FCFA,Ngor, media/annonces/pics/thumbs/b7b1739d6392650a623f5466b7eb0a4c.jpg 
Terrain de 1 hectare vers Notto Diobass,4 590 000 FCFA,Thiès, media/annonces/pics/thumbs/9710a4e03ebed73d678766b229dc4db7.png 
Terrain à vendre à yenne,2 000 000 FCFA,Dakar, media/annonces/pics/thumbs/41ef06a8b439539381b4d339b5036f63.jpeg 
Terrain de 500 mètres carrés à vendre à Mbour Sénégal,25 000 000 FCFA,Mbour, media/annonces/pics/thumbs/47486fc24b90ef3047c36fa173160552.jpeg 
Terrain de 300 mètres carrés à vendre à Malicounda Sénégal,9 000 000 FCFA,Thiès, media/annonces/pics/thumbs/3ba9546b551e1576a2e6c75b66f49510.jpeg 
Terrain de 300 mètres carrés à vendre à Malicounda Sénégal,12 000 000 FCFA,Mbour, media/annonces/pics/thumbs/294daa4ccabd7ebb014d43a3294c8725.jpeg 
Terrain de 600 mètres carrés à vendre à Malicounda Sénégal,22 000 000 FCFA,Mbour, media/annonces/pics/thumbs/1375b9e43c592fabfb9abd52c1cc8706.jpeg 
Terrain lac rose,12 000 000 FCFA,Liberté 6, media/annonces/pics/thumbs/2db9f7ea0747133d271d15a7e7941c46.jpeg 
Terrain de 2 hectares vers Tassette,12 600 000 FCFA,Thiès, media/annonces/pics/thumbs/1271a5b7c90bafcb6b9e65490259a7e1.jpeg 
Terrain de 3 hectares vers Tassette,14 250 000 FCFA,Thiès, media/annonces/pics/thumbs/b4fd0980fd43ab730291202f7b971cc8.jpeg 
"Verger de 1,50 hectare vers Mboro",21 000 000 FCFA,Thiès, media/annonces/pics/thumbs/94235710fd9dca9de59bd18ae9da9791.jpeg 
Terrain de 300 mètres carrés à vendre à Malicounda Sénégal,10 000 000 FCFA,Mbour, media/annonces/pics/thumbs/dbdfe7d5c68e5fd73843cc29c30abeeb.jpeg 
Terrain de 600 mètres carrés à vendre à Gandigal Sénégal,13 500 000 FCFA,Thiès, media/annonces/pics/thumbs/f0634503f50c5497ccb3c2626cba7a6f.jpeg 
Terrain de 4013 m² vers Nguéniène,3 600 000 FCFA,Mbour, media/annonces/pics/thumbs/bf7e2e8453d30a8947f74d94a15231e5.jpeg 
Terrain de 8098 m² vers Tassette,4 500 000 FCFA,Thiès, media/annonces/pics/thumbs/c5e257ea893d7c70736d530bc9844c85.jpeg 
"Terrain de 2,65 hectares vers Touba Toul",9 300 000 FCFA,Thiès, media/annonces/pics/thumbs/0129289201871ffee04e2c0183c1745a.jpeg 
Vente de terrain,5 000 000 FCFA,Rufisque, media/annonces/pics/thumbs/5b7a9b90228bf6522c8fb1622197b278.jpeg 
Terrain a vendre,2 500 000 FCFA,Tivaouane, media/annonces/pics/thumbs/5e1d6de6c45ba9048b4b0e218db74434.jpeg 
Verger de 7310 m² vers Tassette,6 500 000 FCFA,Thiès, media/annonces/pics/thumbs/4c041189f4ea97354246cab6c165a6ff.jpeg 
Location d’une Exploitation Agricole de 10 hectares vers Tassette,900 000 FCFA,Thiès, media/annonces/pics/thumbs/92f42a4015f00173c472f3ea4a851387.jpeg 
Verger de 2 hectares vers Tassette,89 000 000 FCFA,Thiès, media/annonces/pics/thumbs/20e38987f96e15cacf22ddaf7e9bf7db.jpeg 
Terrain 300m2 angles,5 500 000 FCFA,Mbour, img/nophoto.png 
Terrain de 2963 m² vers Diourbel,4 450 000 FCFA,Diourbel, media/annonces/pics/thumbs/00a608c7939ab0823451c8dc417e36ab.jpeg 
Terrain de 225 mètres carrés à vendre à Saly Sénégal,8 000 000 FCFA,Saly, media/annonces/pics/thumbs/79c4815dd65b1c164f90dfdaadb9bcac.jpeg 
Ferme Avicole de 8457 m² vers Fandéne,36 350 000 FCFA,Thiès, media/annonces/pics/thumbs/2d122b1808573cf604da4897d83cb692.jpeg 
"Terrain de 2,50 hectares vers Thieytou",12 500 000 FCFA,Bambey, media/annonces/pics/thumbs/6f30f124f51669c995849eb8655d58d0.jpeg 
Terrains agricoles en vente,120 000 000 FCFA,Somone, media/annonces/pics/thumbs/a0662b0326052589a1d7a8aa0789505d.jpg 
Terrain à vendre Almadies 2,30 000 000 FCFA,Rufisque, media/annonces/pics/thumbs/6fbf3dadb00e43d66cdd5d36c45ea7bf.jpeg 
Terrain à vendre sur ndayane,6 500 000 FCFA,Thiès, media/annonces/pics/thumbs/71f79d77539aa2ad208de5b0dfbe55f4.jpeg 
TERRAIN A VENDRE,20 000 000 FCFA,Keur Massar, img/nophoto.png 
"Terrain de 1,69 hectare vers Tassette",9 408 000 FCFA,Thiès, media/annonces/pics/thumbs/97f1e7fdb4f22aabc0cd6748d6f8cd5b.jpeg 
Terrain de 7842 m² vers Notto Diobass,4 975 000 FCFA,Thiès, media/annonces/pics/thumbs/66e0f5fad377664f9fa6747824f353f8.jpeg 
