Détails,Prix,Adresse,Lien de l'image
"DES APPARTEMENTS 2 CHAMBRES SALON À LOUER A NGOR ALMADIES Nous Louons des Appartements de 2 chambres Salon, Toutes les pièces sont climatisées. Il est composè de: 1salle d'eau, 1Toilette Visiteur, Balcon, Cuisine avec Placard Service gardiennage H24 Niveau: RDC, 1er & 2e Étage Prix: 400.000F peut être lègerement négociable",400 000 FCFA,Almadies,https://dakarvente.com/media/annonces/pics/thumbs/c65bec59890800c315c81ed1b13e0f97.jpeg
APPARTEMENTS NON MEUBLE A LOUER AUC ALMADIES,362 000 FCFA,Almadies,https://dakarvente.com/media/annonces/pics/thumbs/3221e10638721a7a0ba6d78175f14bb7.jpeg
Studio à louer,150 000 FCFA,Ouest Foire,https://dakarvente.com/media/annonces/pics/thumbs/36f76269f9d72133878832f85f5209ad.jpeg
Studio à louer,150 000 FCFA,Ouest Foire,https://dakarvente.com/media/annonces/pics/thumbs/37c9ad32b23a7a70d0457a59425f1549.jpeg
APPARTEMENT F4 À LOUER MAMELLES,450 000 FCFA,Mamelles,https://dakarvente.com/media/annonces/pics/thumbs/8d5f0f0ce486b80cc7bbb630e3189a7a.jpeg
Studio séparé à louer,160 000 FCFA,Ouest Foire,https://dakarvente.com/media/annonces/pics/thumbs/f91cd8a4ff04784c8ec08f88f4027390.jpeg
Studio séparé à louer,160 000 FCFA,Ouest Foire,https://dakarvente.com/media/annonces/pics/thumbs/0ab9ea25cce42dc483393efa298eb2d6.jpeg
Appartement F3 à louer sur la corniche,325 000 FCFA,Mamelles,https://dakarvente.com/media/annonces/pics/thumbs/643b07c04ea35a0716187ebcf5512b49.jpg
Appartement F3 à louer à ouakam monument,225 000 FCFA,Ouakam,https://dakarvente.com/media/annonces/pics/thumbs/f96faf117c16c8debbbf71d489ae1edf.jpg
Studio à louer,150 000 FCFA,Ouest Foire,https://dakarvente.com/media/annonces/pics/thumbs/55d840ec38b18672d4779fc8aa896be6.jpeg
Studio f2 à louer à yoff apres ecobank,180 000 FCFA,Yoff,https://dakarvente.com/media/annonces/pics/thumbs/8bbd81a3a82c25b3abfa03a807dd1ae2.jpg
APPARTEMENT F4 À LOUER AU POINT E,1 000 000 FCFA,Point E,https://dakarvente.com/media/annonces/pics/thumbs/0bd85a790d7b8d930042f3ab8e64b057.jpeg
Appartement neuf f3 belle vue sur mer à louer à ngor non loin de la madrague,500 000 FCFA,Ngor,https://dakarvente.com/media/annonces/pics/thumbs/c6464a6352336363d187ea7d2d059420.jpg
Studio séparé à louer,200 000 FCFA,Ouest Foire,https://dakarvente.com/media/annonces/pics/thumbs/f8bfc741639c416b763395f99208abbf.jpeg
Studio séparé à louer,200 000 FCFA,Ouest Foire,https://dakarvente.com/media/annonces/pics/thumbs/7c527889017140c738f442b87aae09f4.jpeg
APPARTEMENT MEUBLÉ F3 À LOUER NGOR ALMADIES,50 000 FCFA,Almadies,https://dakarvente.com/media/annonces/pics/thumbs/9035d19b33f507af6b6220adb8fdee83.jpeg
Bureaux à louer VDN,3 000 000 FCFA,VDN,https://dakarvente.com/media/annonces/pics/thumbs/524708f57a336eab4e8ac121c389098c.jpeg
APPARTEMENT F3 À LOUER NGOR ALMADIES,480 000 FCFA,Almadies,https://dakarvente.com/media/annonces/pics/thumbs/e7c6695c6058b9f63f2b632df6f91ba1.jpeg
Appartement f3 à louer,250 000 FCFA,Ouest Foire,https://dakarvente.com/media/annonces/pics/thumbs/7ff1f54ee74e25a679d90d2fb8a5a561.jpeg
Studio f2 à louer à yoff derrière ecobank,180 000 FCFA,Yoff,https://dakarvente.com/media/annonces/pics/thumbs/eb36344e5794f2b0a8e8537ec90b0cd5.jpg
TRÈS BEL APPARTEMENT À LOUER,400 000 FCFA,Liberté 6,https://dakarvente.com/media/annonces/pics/thumbs/a894e6cbf584f94aac8d25c83a3d6db2.jpg
Appartement f4 à louer au virage,350 000 FCFA,Virage,https://dakarvente.com/media/annonces/pics/thumbs/b2e9bd4e49f3756bebe4d5ecab10172b.jpg
Appartement à louer côté mon prix Ouakam,600 000 FCFA,Ouakam,https://dakarvente.com/media/annonces/pics/thumbs/a411f07c42c1e972e82fd3f073ca8efd.jpeg
STUDIO MEUBLÉ A LOUER CORNICHE MAMELLES,700 000 FCFA,Mamelles,https://dakarvente.com/media/annonces/pics/thumbs/7384e90155acaa1f93e523f9cbcb6023.jpeg
LOUE APPARTEMENT F3 MEUBLE KEUR MASSAR 90 M2,25 000 FCFA,Keur Massar,https://dakarvente.com/media/annonces/pics/thumbs/b0b98f86fa708e5f841a5ab873539958.jpg
Appartement f3 vue sur mer à louer à ngor non loin de la madrague,500 000 FCFA,Ngor,https://dakarvente.com/media/annonces/pics/thumbs/54331b4cd4a80141eb5eaa7415a9a599.jpg
APPARTEMENT MEUBLÉ F3 À LOUER SIPRES 2,55 000 FCFA,Sipres,https://dakarvente.com/media/annonces/pics/thumbs/e9c800c28f793d197754856e22a7995e.jpeg
APPARTEMENT VIDE A LOUER ONOMO,550 000 FCFA,Yoff,https://dakarvente.com/media/annonces/pics/thumbs/ccaf4f2666c27de0e08cd94c42525c42.jpeg
Mini studio a louer,110 000 FCFA,Ouest Foire,https://dakarvente.com/media/annonces/pics/thumbs/80bcb0544919fc248d4d74c9c9ed0b68.jpeg
Appartement F4 neuf à louer à zac mbao,500 000 FCFA,Mamelles,https://dakarvente.com/media/annonces/pics/thumbs/9d1ea9d808d545be30c3da9002d804a4.jpg
Appartement F4 à louer aux Almadies (recasement),570 000 FCFA,Almadies,https://dakarvente.com/media/annonces/pics/thumbs/cf4e633c66abc7df8d8539db29460349.jpg
Studio grand standing de 150 m2 aux mamelles,300 000 FCFA,Ouakam,https://dakarvente.com/media/annonces/pics/thumbs/5e8440c6957d530fac28914c0c814fb2.jpg
Appartement F4 à louer aux Almadies (Recagement ),500 000 FCFA,Almadies,https://dakarvente.com/media/annonces/pics/thumbs/bb5107fab24999afd84d6f90b461f375.jpg
Studio séparé à louer,200 000 FCFA,Liberté 6,https://dakarvente.com/media/annonces/pics/thumbs/57c72ec01172dc4fc352f1c1a3eb1abc.jpeg
Appartement F3 à louer à Almadies (recasement),315 000 FCFA,Almadies,https://dakarvente.com/media/annonces/pics/thumbs/5c205359588fcfef1779c48cfa97e168.jpg
Appartement F3 à louer Ouakam Comico,225 000 FCFA,Ouakam,https://dakarvente.com/media/annonces/pics/thumbs/a9a240b7052340826f2194f95bd9b65a.jpg
Appartement à louer,300 000 FCFA,Liberté 6,https://dakarvente.com/media/annonces/pics/thumbs/cc42b4b0d878b28d07be2757e48aaec9.png
STUDIO MEUBLÉ À LOUER LIBERTÉ 6 EXTENSION,40 000 FCFA,Liberté 6,https://dakarvente.com/media/annonces/pics/thumbs/351c9f4c32e977751e182fbd0f646063.jpeg
Appartement f3 à louer,250 000 FCFA,Ouest Foire,https://dakarvente.com/media/annonces/pics/thumbs/15952c5598eb0faf88f640425926f6f6.jpeg
F5 A LOUER A KOUNOUNE,175 000 FCFA,Rufisque,https://dakarvente.com/media/annonces/pics/thumbs/09b9c125fd3271e1a0e0e3ca5ff0fef9.jpeg
APPARTEMENT DE TYPE F6 A LOUER A LA CORNICHE MAMELLES,,Mamelles,https://dakarvente.com/media/annonces/pics/thumbs/f1b34e59a71f4656592b4aad53448412.jpeg
Appartement f3 à louer,250 000 FCFA,Nord Foire,https://dakarvente.com/media/annonces/pics/thumbs/f56c5e29d6d5ebc06fafcc291efa1f47.jpeg
Appartement f3 à louer,180 000 FCFA,Ouakam,https://dakarvente.com/media/annonces/pics/thumbs/b479f18f38712f6d2479dd9747718b1a.jpeg
Appartement f4 à louer à ouakam,350 000 FCFA,Ouakam,https://dakarvente.com/img/nophoto.png
Villa meublée à louer à Saly,125 000 FCFA,Saly,https://dakarvente.com/media/annonces/pics/thumbs/f9f0e9b34b6e3d0806f962a905458a6f.jpeg
Studio a louer ( Mermoz),225 000 FCFA,Mermoz,https://dakarvente.com/media/annonces/pics/thumbs/de019a8e4f9130de4305539cad24e084.jpeg
Studio a louer ( Mermoz),225 000 FCFA,Mermoz,https://dakarvente.com/media/annonces/pics/thumbs/09af69d9e66d145119085f551430c2c3.jpeg
APPARTEMENT F4 À LOUER CITÉ AFRICA,1 100 000 FCFA,Ouakam,https://dakarvente.com/media/annonces/pics/thumbs/3f4881035c31434d25f1903ca3f8e956.jpeg
APPARTEMENT A LOUER CITE TRAVAUX,450 000 FCFA,Almadies,https://dakarvente.com/media/annonces/pics/thumbs/842a78c32993e1bd24f7616d8d75b12a.jpeg
Appartement f4 à louer,250 000 FCFA,Ouest Foire,https://dakarvente.com/media/annonces/pics/thumbs/9e77c2d0de8623f5ceabf2fe1bde31a3.jpeg
Appartement neuf à louer,400 000 FCFA,Cité Keur Gorgui,https://dakarvente.com/media/annonces/pics/thumbs/1c337e709a8af7f24e7c0d12d44529c7.png
Bel appartement à louer,500 000 FCFA,VDN,https://dakarvente.com/media/annonces/pics/thumbs/761bf857f2d1723a4ef104fb5cfce2f0.png
Appartement f3 à louer,200 000 FCFA,Ouest Foire,https://dakarvente.com/media/annonces/pics/thumbs/1fa3c6e05855e9f2db68796d1e3f3ed4.jpeg
Appartement f3 à louer,200 000 FCFA,Ouest Foire,https://dakarvente.com/media/annonces/pics/thumbs/67571fdab3e7fb721347cb4702194825.jpeg
Appartement f3 à louer,200 000 FCFA,Ouest Foire,https://dakarvente.com/media/annonces/pics/thumbs/170a376936d3cb99c31029a6f7c02230.jpeg
Appartement f3 a louer,250 000 FCFA,Ouest Foire,https://dakarvente.com/media/annonces/pics/thumbs/d7ae38011eb7f6954b525a487b6ac001.jpeg
Villa à louer,400 000 FCFA,Ouest Foire,https://dakarvente.com/media/annonces/pics/thumbs/c415451979ac758e4dacae167930559e.jpeg
Villa à louer,400 000 FCFA,Ouest Foire,https://dakarvente.com/media/annonces/pics/thumbs/67842d79e8136ac3eed8642da5c4d97f.jpeg
F4,1 100 000 FCFA,Amitié,https://dakarvente.com/media/annonces/pics/thumbs/c8a9c0bfb362fe63a4f12317bf8a0592.jpg
Appartement f5 à louer,470 000 FCFA,Ouest Foire,https://dakarvente.com/media/annonces/pics/thumbs/92121dc08379c58e0965fcae0743b145.jpeg
appartement à louer,600 000 FCFA,Cité Keur Gorgui,https://dakarvente.com/media/annonces/pics/thumbs/be2f13e598f3710dd9ac679167d58bb1.jpeg
appartement f3 à louer aux almadies,400 000 FCFA,Almadies,https://dakarvente.com/media/annonces/pics/thumbs/8625e0d594a2730f21d39aaf786f586e.jpg
Appartement f3 à louer,215 000 FCFA,Ouest Foire,https://dakarvente.com/media/annonces/pics/thumbs/4c88c591b3c91e12b7fb89707872d21c.jpeg
APPARTEMENT MEUBLE F4 A LOUER AU VIRAGE,150 000 FCFA,Virage,https://dakarvente.com/media/annonces/pics/thumbs/a53fe3c86d7acd341e4022a8731c441a.jpeg
APPARTEMENT F3 À LOUER SICAP LIBERTÉ 2,400 000 FCFA,Liberté 2,https://dakarvente.com/media/annonces/pics/thumbs/25b741711003fdaaeddb64979a39798a.jpeg
bel appartement à louer,350 000 FCFA,Maristes,https://dakarvente.com/media/annonces/pics/thumbs/e45c3edfc45f2464e76ae0a34d1a9cf7.png
APPARTEMENT DE TYPE F4 À LOUER,800 000 FCFA,Mermoz,https://dakarvente.com/media/annonces/pics/thumbs/04bde98fe9c9657a05b1086bedf365e5.jpeg
STUDIO MEUBLÉ À LOUER AU MAMELLES,38 000 FCFA,Mamelles,https://dakarvente.com/media/annonces/pics/thumbs/70af0cf2da6e300963d0fdad19e823dd.jpeg
Studio à louer,200 000 FCFA,Mermoz,https://dakarvente.com/media/annonces/pics/thumbs/64a02bac953c308a42a7811b245f29e2.jpeg
appartement à louer,450 000 FCFA,Mamelles,https://dakarvente.com/media/annonces/pics/thumbs/78a3bfce9f7c2ee3c3bd3cdf1fe5607d.png
APPARTEMENTS À LOUER MAMELLES,360 000 FCFA,Mamelles,https://dakarvente.com/media/annonces/pics/thumbs/b9eb94ed4c80b0197781812c2214c657.jpeg
APPARTEMENT F4 À LOUER FANN HOCK,1 500 000 FCFA,Fann,https://dakarvente.com/media/annonces/pics/thumbs/e6dc32c62a3d04347d03c5853c8d812b.jpeg
Appartement de 3 chambres Salon à louer à Saly Sénégal,90 000 FCFA,Saly,https://dakarvente.com/media/annonces/pics/thumbs/641a87bd4423ed4794aec78f6e4ab206.jpeg
Appartement Meublé à louer à Saly,90 000 FCFA,Saly,https://dakarvente.com/media/annonces/pics/thumbs/1538e973a7cdb8afc8988689c0788fb7.jpeg
bel appartement à louer,300 000 FCFA,Liberté 6,https://dakarvente.com/media/annonces/pics/thumbs/6d20f6513db363d3c3b7d6dcc201b64c.jpeg
Appartement à louer mermoz Batrain,400 000 FCFA,Cité Batrain,https://dakarvente.com/media/annonces/pics/thumbs/03307174b0ebeaf3d7e1cc264e3199ae.jpeg
bel appartement à louer,300 000 FCFA,Liberté 6,https://dakarvente.com/media/annonces/pics/thumbs/24f5b95113f4a3cbefd5cbabb4517dac.jpeg
bel appartement à louer,1 500 000 FCFA,Point E,https://dakarvente.com/media/annonces/pics/thumbs/ae13f3053121ef71e17c0801f541c908.jpeg
APPARTEMENT MEUBLÉ F3 À LOUER OUEST FOIRE,43 000 FCFA,Ouest Foire,https://dakarvente.com/media/annonces/pics/thumbs/641608d0e6d93395fba958ab8ad4f7a3.jpeg
bel appartement à louer,350 000 FCFA,Maristes,https://dakarvente.com/media/annonces/pics/thumbs/0870ff4917eb17f0f9255465a4bf88e9.jpeg
Studio a Louer Sacré Coeur VDN,250 000 FCFA,Sacré Coeur,https://dakarvente.com/media/annonces/pics/thumbs/1245c233e16c5c814bb84a90b66a0da4.jpeg
Studio à louer ouest foire,250 000 FCFA,Ouest Foire,https://dakarvente.com/media/annonces/pics/thumbs/e4d27e9844399a77be86b58bf722884b.jpeg
appartement à louer,350 000 FCFA,Maristes,https://dakarvente.com/media/annonces/pics/thumbs/6bbe2244ae014e3ea0e0d538293e22ce.jpeg
Mini studio a louer,85 000 FCFA,Ouest Foire,https://dakarvente.com/media/annonces/pics/thumbs/cf64aacc18b72334c667f908df4ad709.jpeg
